{"Aatrox": [0.5, 0.3300970873786408, 0.37593984962406013, 0.4291845493562232, 0.5231481481481481, 0.5612244897959183, 0.625], "Ahri": [0.38095238095238093, 0.4292237442922374, 0.4815668202764977, 0.5164433617539586, 0.4966442953020134, 0.5169491525423728, 0.46405228758169936], "Akali": [0.1111111111111111, 0.22093023255813954, 0.2988505747126437, 0.31097560975609756, 0.4444444444444444, 0.5294117647058824, 0.40625], "Akshan": [0.5510204081632653, 0.5714285714285714, 0.4994152046783626, 0.5280043501903209, 0.5319843342036553, 0.5089903181189488, 0.5516014234875445], "Alistar": [0.14285714285714285, 0.11864406779661017, 0.36619718309859156, 0.47572815533980584, 0.4631578947368421, 0.4166666666666667, 0.7142857142857143], "Anivia": [0.5882352941176471, 0.5284974093264249, 0.48466257668711654, 0.4991896272285251, 0.5071174377224199, 0.44516129032258067, 0.43661971830985913], "Annie": [0.2857142857142857, 0.43478260869565216, 0.4364406779661017, 0.5091277890466531, 0.530751708428246, 0.5804878048780487, 0.5841584158415841], "Aphelios": [0.47520661157024796, 0.42833353445155065, 0.464425254813137, 0.48358046244875064, 0.5076022926285624, 0.5245172283226051, 0.545329858729941], "Ashe": [0.5302947098663738, 0.5241288144231382, 0.5412493565371312, 0.5371767367842909, 0.5252021731486838, 0.526250892335648, 0.5254940921832311], "Aurelion Sol": [0.3508771929824561, 0.4584221748400853, 0.49847405900305186, 0.5413953488372093, 0.5542857142857143, 0.5701581027667985, 0.5829596412556054], "Azir": [0.26666666666666666, 0.3357142857142857, 0.3888888888888889, 0.4573643410852713, 0.49891540130151846, 0.4953271028037383, 0.5632183908045977], "Bard": [0.05, 0.07692307692307693, 0.26, 0.28421052631578947, 0.35135135135135137, 0.3225806451612903, 0.5333333333333333], "Bel'Veth": [0.42857142857142855, 0.475, 0.6133333333333333, 0.5436893203883495, 0.5444444444444444, 0.47619047619047616, 0.7], "Blitzcrank": [0.14285714285714285, 0.02564102564102564, 0.16, 0.2823529411764706, 0.46, 0.5217391304347826, 0.8571428571428571], "Brand": [0.4943181818181818, 0.5384134915677702, 0.5698074277854195, 0.5592680986475735, 0.5409614082599865, 0.5233179067283731, 0.5211382113821138], "Briar": [0.4, 0.2916666666666667, 0.37254901960784315, 0.5, 0.4567901234567901, 0.5757575757575758, 0.4375], "Caitlyn": [0.5148921200750469, 0.5000862130171513, 0.5183091506829628, 0.5073479926091798, 0.511131257832135, 0.5191875793379552, 0.534371333320917], "Camille": [0.16666666666666666, 0.38461538461538464, 0.4578313253012048, 0.5177304964539007, 0.5142857142857142, 0.62, 0.4375], "Cassiopeia": [0.5324675324675324, 0.5570328901329601, 0.5194294146581406, 0.5342802512974597, 0.5482267152800796, 0.5290472501936483, 0.5211864406779662], "Cho'Gath": [0.5283018867924528, 0.5601173020527859, 0.493368700265252, 0.5035180299032542, 0.5224806201550387, 0.5228604923798359, 0.5057142857142857], "Corki": [0.2608695652173913, 0.5207373271889401, 0.4909090909090909, 0.4796044499381953, 0.5255255255255256, 0.4556213017751479, 0.4925373134328358], "Darius": [0.3, 0.3492063492063492, 0.335, 0.4987593052109181, 0.5252808988764045, 0.56, 0.6486486486486487], "Draven": [0.5539548790432183, 0.5401399844461726, 0.5325908417130724, 0.5088363517039861, 0.5060882334944624, 0.501247553816047, 0.49815759637188206], "Dr. Mundo": [0.2857142857142857, 0.375, 0.41414141414141414, 0.4663677130044843, 0.3836477987421384, 0.5483870967741935, 0.55], "Ezreal": [0.5346358792184724, 0.5310897076940306, 0.5513811605370529, 0.5341836685430688, 0.5054847820873141, 0.48857813945270684, 0.4859477298131687], "Fiddlesticks": [0.25, 0.3333333333333333, 0.43333333333333335, 0.4666666666666667, 0.5072463768115942, 0.59375, 0.5454545454545454], "Fizz": [0.3333333333333333, 0.504424778761062, 0.5060975609756098, 0.48024316109422494, 0.5331010452961672, 0.5, 0.47761194029850745], "Galio": [0.6, 0.41304347826086957, 0.38461538461538464, 0.42857142857142855, 0.594059405940594, 0.7142857142857143, 0.6470588235294118], "Gangplank": [0.16666666666666666, 0.2222222222222222, 0.34146341463414637, 0.3698630136986301, 0.43023255813953487, 0.4473684210526316, 0.5625], "Garen": [0.09090909090909091, 0.26666666666666666, 0.3333333333333333, 0.45925925925925926, 0.5109170305676856, 0.5221238938053098, 0.4666666666666667], "Gragas": [1.0, 0.34375, 0.4918032786885246, 0.5436893203883495, 0.5420560747663551, 0.5111111111111111, 0.5652173913043478], "Graves": [0.36363636363636365, 0.4024390243902439, 0.4690909090909091, 0.46449136276391556, 0.47058823529411764, 0.5215311004784688, 0.4943820224719101], "Gwen": [0.5, 0.38461538461538464, 0.3333333333333333, 0.46153846153846156, 0.48148148148148145, 0.48, 0.5555555555555556], "Heimerdinger": [0.4642857142857143, 0.5431619786614937, 0.565512978986403, 0.5302150904745647, 0.5379229871645275, 0.5279399499582986, 0.5433526011560693], "Illaoi": [0.5, 0.375, 0.37777777777777777, 0.42105263157894735, 0.5352112676056338, 0.5121951219512195, 0.5], "Irelia": [0.28125, 0.24083769633507854, 0.4066147859922179, 0.44972375690607735, 0.46433203631647213, 0.5584415584415584, 0.4883720930232558], "Jarvan IV": [0.7, 0.375, 0.42857142857142855, 0.4603174603174603, 0.5460122699386503, 0.5057471264367817, 0.4838709677419355], "Jax": [0.5333333333333333, 0.43333333333333335, 0.4189189189189189, 0.5016835016835017, 0.521551724137931, 0.5263157894736842, 0.4666666666666667], "Jayce": [0.23076923076923078, 0.37900874635568516, 0.4136460554371002, 0.4840182648401826, 0.45490716180371354, 0.45454545454545453, 0.5284552845528455], "Jhin": [0.5452911574406901, 0.5264809573464422, 0.5251605595937469, 0.5267868118899516, 0.5284396079276027, 0.5317687173534533, 0.5372115350424919], "Jinx": [0.51619804400978, 0.527999496411935, 0.5484771573604061, 0.5215133837294367, 0.5123775830337475, 0.5141671551892594, 0.5296829397718228], "Kai'Sa": [0.4951738356292756, 0.4771715630166603, 0.4671630239364061, 0.49348305242726964, 0.5159418860730368, 0.5203211305482685, 0.5201391011922959], "Kalista": [0.5572916666666666, 0.5304998779462421, 0.5039451558659941, 0.49769729956039355, 0.5026170374811622, 0.5049539071250108, 0.4932069063119162], "Karma": [0.08, 0.31, 0.38461538461538464, 0.4367816091954023, 0.44052863436123346, 0.5142857142857142, 0.55], "Karthus": [0.5974025974025974, 0.5895372233400402, 0.5731949657761095, 0.5477613623547987, 0.5293739555212752, 0.5351366424986057, 0.5344827586206896], "Katarina": [0.5454545454545454, 0.5208333333333334, 0.5121457489878543, 0.5134502923976608, 0.5338753387533876, 0.5381944444444444, 0.5740740740740741], "Kayle": [0.3, 0.25, 0.2962962962962963, 0.4939271255060729, 0.5227272727272727, 0.5802469135802469, 0.5833333333333334], "Kennen": [0.2222222222222222, 0.45, 0.4016393442622951, 0.4979253112033195, 0.49122807017543857, 0.5, 0.5476190476190477], "Kindred": [0.4166666666666667, 0.5, 0.4594594594594595, 0.5056338028169014, 0.5069444444444444, 0.5447470817120622, 0.5952380952380952], "Kled": [1.0, 0.5, 0.46808510638297873, 0.4, 0.463768115942029, 0.2857142857142857, 0.4], "Kog'Maw": [0.5117994100294986, 0.5297312750142938, 0.5324684897176973, 0.5277748274030802, 0.5330427273101123, 0.5345581022028003, 0.5263516583371195], "K'Sante": [0.2857142857142857, 0.39285714285714285, 0.4230769230769231, 0.4552238805970149, 0.4583333333333333, 0.6744186046511628, 0.5625], "LeBlanc": [0.5, 0.25609756097560976, 0.3933333333333333, 0.47509578544061304, 0.4678111587982833, 0.49107142857142855, 0.6046511627906976], "Lee Sin": [0.4444444444444444, 0.4927536231884058, 0.5436507936507936, 0.4792746113989637, 0.5155709342560554, 0.5304347826086957, 0.4666666666666667], "Lissandra": [0.25, 0.34285714285714286, 0.48344370860927155, 0.4606741573033708, 0.4956140350877193, 0.4778761061946903, 0.5], "Lucian": [0.5548287803001154, 0.5489021004849106, 0.5130401511720519, 0.5123115328731509, 0.5157823971316373, 0.5168290411096845, 0.5123125752435154],