{"Aphelios": [0.5100446428571429, 0.44973641156153427, 0.47909721423918455, 0.49967019275401264, 0.520268858396601, 0.538021726700972, 0.5586449344838607], "Ashe": [0.5386759581881533, 0.5305658627087199, 0.5503582310796343, 0.5469169773841119, 0.5372488338715464, 0.5304111851808153, 0.5471406491499228], "Caitlyn": [0.50187617260788, 0.49657192720019944, 0.5210515713134569, 0.5116901638960978, 0.5220940523055326, 0.531637995512341, 0.5401086609140301], "Cassiopeia": [0.45161290322580644, 0.5898089171974522, 0.5299065420560748, 0.5394265232974911, 0.5358306188925082, 0.5215311004784688, 0.5151515151515151], "Draven": [0.5510835913312694, 0.5562202169725236, 0.54794879350424, 0.5258667833315105, 0.5227403753763372, 0.5213607594936709, 0.5163834951456311], "Ezreal": [0.5335587929240374, 0.5322485040081292, 0.5575739594000938, 0.5417416635089048, 0.5130630412695341, 0.49761648781873136, 0.49172635218572486], "Heimerdinger": [0.3793103448275862, 0.5546038543897216, 0.5686274509803921, 0.5566218809980806, 0.5101522842639594, 0.5612535612535613, 0.5703125], "Jhin": [0.5691681735985533, 0.5232842105263158, 0.524925532512786, 0.5326848775814128, 0.5378380863556951, 0.5424225998788381, 0.5516173120728929], "Jinx": [0.523223279238948, 0.538570649208947, 0.5545168173966061, 0.5274844618907426, 0.5211381960310417, 0.5244974874371859, 0.5321441186859767], "Kai'Sa": [0.49969249692496925, 0.483758494325257, 0.4792800919214372, 0.5063398984285039, 0.5277426841479734, 0.5350895088488805, 0.5348013816925734], "Kalista": [0.5967540574282147, 0.5479752530933634, 0.5228640963238119, 0.5107344632768361, 0.5197083075163242, 0.5059077809798271, 0.5106382978723404], "Karthus": [0.6015037593984962, 0.5857059848925044, 0.5745363766048502, 0.5488796351378148, 0.5358201581027668, 0.5490196078431373, 0.5310015898251192], "Kog'Maw": [0.5242718446601942, 0.5558510638297872, 0.5482060533172981, 0.5412914561827367, 0.5409977064220184, 0.5439716312056737, 0.5311572700296736], "Lucian": [0.574235807860262, 0.5605483248379275, 0.523310166138548, 0.5246949383184242, 0.5297090112640801, 0.5356410363735298, 0.5331499710480602], "Miss Fortune": [0.5068493150684932, 0.4950291395269112, 0.507747015494031, 0.5335978007446845, 0.5465725448410584, 0.5678021978021978, 0.5475653015156401], "Nilah": [0.5492063492063493, 0.5379570747217806, 0.5111085661933119, 0.5311072845698884, 0.557712548239972, 0.5772870662460567, 0.569364161849711], "Samira": [0.5674499564838991, 0.5438215554678247, 0.4915658287817979, 0.5186414023244218, 0.5481306526873668, 0.5511035100578223, 0.5416788534659257], "Seraphine": [0.5275229357798165, 0.5041551246537396, 0.563315303849825, 0.5669459796755215, 0.5528817230176875, 0.5463167878596269, 0.5227502527805864], "Sivir": [0.4727272727272727, 0.4675422138836773, 0.5115982463132722, 0.5261070110701107, 0.5201286326822296, 0.5508013069861522, 0.5414043583535109], "Swain": [0.5309734513274337, 0.5750695088044485, 0.5784061696658098, 0.5646544181977253, 0.549312756209308, 0.5356695869837297, 0.5267857142857143], "Tahm Kench": [0.673469387755102, 0.6253838280450358, 0.5846444304594084, 0.5600782778864971, 0.573052870949403, 0.5654952076677316, 0.5555555555555556], "Tristana": [0.5481798715203426, 0.5357614146212721, 0.5407516238787504, 0.531277926720286, 0.5258626978915882, 0.5274094597268949, 0.5427769985974754], "Twitch": [0.5459940652818991, 0.5722646121934958, 0.5324955572480325, 0.5381243262666188, 0.5463389980415693, 0.5560094265514532, 0.5644488092315246], "Varus": [0.5380761523046093, 0.53, 0.5262790072574142, 0.5184315223987952, 0.5110114256240329, 0.5037077380703003, 0.5008628700384973], "Vayne": [0.5203703703703704, 0.526003180245066, 0.5333919992389288, 0.5523855258326036, 0.5586648359086426, 0.5600475010326311, 0.5652707201682144], "Veigar": [0.45454545454545453, 0.5204498977505112, 0.560161197466897, 0.5416797735136836, 0.5411579361953525, 0.5546296296296296, 0.5667506297229219], "Xayah": [0.5068691250903832, 0.47640597358785536, 0.5034186263337822, 0.519597957258563, 0.5224061734331708, 0.5330717832403604, 0.5451028303807779], "Yasuo": [0.6145038167938931, 0.6122448979591837, 0.5557204088361358, 0.5393688879927412, 0.5132267647474891, 0.5102523659305994, 0.5156054931335831], "Zeri": [0.47105788423153694, 0.5137048880767474, 0.49155275148966, 0.5026564610535794, 0.5199370078740158, 0.5207560501678149, 0.5377697841726619], "Ziggs": [0.525065963060686, 0.5315383451822719, 0.5873835560955852, 0.5534297996004117, 0.5050982156245314, 0.4940731833018382, 0.5042174320524836]}