{"Aatrox": [0.510590015128593, 0.5273591675636885, 0.5144701354586503, 0.5197753055187594, 0.5240231790597576, 0.5291182068090505, 0.5360586717370637], "Ahri": [0.4972972972972973, 0.49546760999336725, 0.5147796796590363, 0.524156913643789, 0.524461000857124, 0.5216191352345906, 0.5085889570552147], "Akali": [0.5609137055837563, 0.5418269593422342, 0.5047062968742135, 0.50060039593678, 0.5116267896608052, 0.5104586202416526, 0.5137271214642263], "Alistar": [0.5236523652365237, 0.5002676372979339, 0.5089937861114139, 0.5178403510604952, 0.5252249562881146, 0.5181911350243402, 0.528344671201814], "Amumu": [0.5180851063829788, 0.5615462015763877, 0.5435995102707115, 0.5333712244235141, 0.5388085952435574, 0.542391744233104, 0.5338683788121991], "Ashe": [0.5229700854700855, 0.5348208248816768, 0.5434211330440628, 0.5328495297373965, 0.5196080492882226, 0.512695196090118, 0.511073965733389], "Azir": [0.4235500878734622, 0.4164083488324034, 0.48574027155200417, 0.5093238559080339, 0.522497150137464, 0.5249520153550864, 0.5522012578616352], "Bard": [0.4899845916795069, 0.4869543609707612, 0.5078729505979114, 0.5286824963227569, 0.5283284641068448, 0.5322488584474886, 0.529296875], "Blitzcrank": [0.5, 0.49905021963670904, 0.5139258611784338, 0.5197000078122965, 0.522124931592526, 0.5189802961148837, 0.5355805243445693], "Brand": [0.4860606060606061, 0.45546847167794796, 0.5444149817699702, 0.5341773812647599, 0.5135001572397682, 0.5104573661227304, 0.5041077883667433], "Braum": [0.5008431703204047, 0.5041603292475619, 0.5016281866987414, 0.5232642675390767, 0.5314086801009166, 0.553231580930846, 0.5496286293045239], "Briar": [0.5, 0.5060273238682025, 0.5176565008025682, 0.5364367105379384, 0.5429685044320111, 0.5261206605999326, 0.5379922351636162], "Caitlyn": [0.5242179616548941, 0.4709286829379736, 0.4983854361662299, 0.5082003221555133, 0.5294809586825466, 0.5476624490671241, 0.5700398406374502], "Darius": [0.5756369426751592, 0.5316560359083392, 0.5171349742249328, 0.5253662753662753, 0.5332396850805267, 0.5379834254143646, 0.5188360613146272], "Diana": [0.5443159922928709, 0.5180478949940654, 0.5550812929261573, 0.5208665269042627, 0.5019493177387915, 0.5005486968449931, 0.5283926852743022], "Ekko": [0.5367156208277704, 0.5366546852796121, 0.543930723654226, 0.5328679657260066, 0.516557264622318, 0.5292363542071826, 0.5189075630252101], "Ezreal": [0.5347137637028014, 0.5106394822907244, 0.5313575726368586, 0.5172994975513578, 0.4953407689881584, 0.48167713809462753, 0.4798296367727419], "Fiddlesticks": [0.5405405405405406, 0.554803975704031, 0.5479405806887239, 0.5304801565400632, 0.5390232464661352, 0.5366738091313664, 0.5310114503816794], "Fiora": [0.5506912442396313, 0.5179327873482067, 0.5411733046286329, 0.5319834475787346, 0.5226542989653942, 0.5339008363201911, 0.5560821484992101], "Fizz": [0.5401869158878505, 0.5581299698382232, 0.5239137756820478, 0.5269544673539519, 0.5239034395708425, 0.5292409788469514, 0.523448275862069], "Galio": [0.5121527777777778, 0.5429931845766035, 0.5234393829838515, 0.5430591523821269, 0.5522235037805973, 0.5674357531419997, 0.5757970071567989], "Gangplank": [0.5178197064989518, 0.5354166666666667, 0.5239494301994302, 0.51705866450392, 0.5113412588432645, 0.5008928571428571, 0.5118811881188119], "Garen": [0.511605415860735, 0.5037120044824205, 0.5254489213835215, 0.5289801546264835, 0.5294262065095399, 0.5465328467153284, 0.5385865150284321], "Gnar": [0.4827586206896552, 0.49087921117502054, 0.5142983572100227, 0.5096419762314074, 0.5103401894300286, 0.5252446791983844, 0.5196078431372549], "Gwen": [0.4984472049689441, 0.48813730439172137, 0.5243596475873739, 0.5411093627065303, 0.5498677748394408, 0.5544715447154471, 0.5814717477003942], "Hecarim": [0.5327868852459017, 0.5516656457616737, 0.5324004810936079, 0.528393154749807, 0.5228751821272463, 0.4958599029218616, 0.4922630560928433], "Illaoi": [0.6079077429983526, 0.5748352306770521, 0.5562467599792639, 0.5168936430893926, 0.4997029506898145, 0.4975466143277723, 0.5093457943925234], "Irelia": [0.5607734806629834, 0.5345595904048545, 0.5326352749388676, 0.5234397951903303, 0.5090548409803545, 0.5076088857792549, 0.5014526438117374], "Janna": [0.5173410404624278, 0.5265866209262435, 0.5377362589615469, 0.5304418415864548, 0.5302390386206296, 0.5388701110574602, 0.5403133358807796], "Jax": [0.5036496350364964, 0.503976398152899, 0.5157530737704918, 0.5181073915450282, 0.5237585018168266, 0.5355333246719501, 0.5465783664459161], "Jhin": [0.5391870649000674, 0.5256284174501397, 0.5249650977707034, 0.5333763319937597, 0.5416265545876479, 0.5518850470747851, 0.5566771159874608], "Jinx": [0.49729144095341277, 0.5084203036053131, 0.5319810061489311, 0.5224491009949287, 0.5312063950050848, 0.5309393386082369, 0.5529878618113913], "Kalista": [0.5196374622356495, 0.5068860668932212, 0.5053264820152902, 0.509512375323236, 0.4931607589351375, 0.4925775978407557, 0.46111111111111114], "Karma": [0.5749039692701664, 0.5656010083648447, 0.5311138685745967, 0.5111316941731222, 0.49742116121426466, 0.4830546769091731, 0.48835844257483857], "Karthus": [0.5172413793103449, 0.5295510708401977, 0.521474358974359, 0.5006436994695916, 0.513933236574746, 0.5193475620336631, 0.5149863760217984], "Kassadin": [0.44029850746268656, 0.48287172011661805, 0.4601074413052129, 0.5263331791449151, 0.584094684385382, 0.5825647128830705, 0.5652173913043478], "Katarina": [0.562255285826155, 0.5826327606913477, 0.5167302798982188, 0.5203028807996739, 0.5283929397765584, 0.5221912005391355, 0.5324634979807393], "Kennen": [0.540590405904059, 0.5152499548817903, 0.5327761491922909, 0.529289130523648, 0.5388756346730287, 0.536641852770885, 0.5226269315673289], "LeBlanc": [0.5884308510638298, 0.5994699910421021, 0.5301123837178039, 0.5133999226251187, 0.5200103145951521, 0.5184439041333796, 0.5182673375628966], "Leona": [0.5248508946322068, 0.5328350544873623, 0.5365781819520636, 0.5315594901024988, 0.5248531230674088, 0.514494777411607, 0.50846805234796], "Lillia": [0.4870665932856357, 0.5148082785175678, 0.5325732180663373, 0.5380819783295581, 0.5377413314392716, 0.5352632832975935, 0.5304224782696584], "Lissandra": [0.5615615615615616, 0.5300983986108432, 0.5403149976492713, 0.526329837940896, 0.516147503435639, 0.5178750417641163, 0.5126582278481012], "Lucian": [0.572744014732965, 0.5444453040383723, 0.5105992611509186, 0.5132033068464564, 0.5237902457610973, 0.5215649619441848, 0.5216626347042006], "Lulu": [0.5294117647058824, 0.5440924167905753, 0.5118582046883934, 0.5169787418118897, 0.5213250815582422, 0.5248052480524805, 0.5304425971691754], "Lux": [0.554147465437788, 0.5491219350563287, 0.5359426681367144, 0.5059304035288351, 0.4869014204303819, 0.49842655567962646, 0.5091926458832934], "Maokai": [0.4609375, 0.4751799924213717, 0.5191958495460441, 0.5354097790151383, 0.543367993913264, 0.544, 0.5042321644498187], "Milio": [0.4843630816170862, 0.4738491202699446, 0.499195494770716, 0.5232660596651701, 0.5379547228727557, 0.543223412330269, 0.5516697344201946], "Wukong": [0.5251396648044693, 0.4811856211898255, 0.511574354623682, 0.515796549406229, 0.529959908982555, 0.5270077164904259, 0.538955087076077], "Mordekaiser": [0.5554465161923454, 0.5240881184543157, 0.5226041429547007, 0.5241111111111111, 0.5341638938327014, 0.5279565567176187, 0.5134383688600556], "Morgana": [0.5076923076923077, 0.49755381604696675, 0.5017657148622743, 0.5094505752524067, 0.5200395029215702, 0.5223458038422649, 0.5367264314632736], "Nami": [0.5430051813471503, 0.5284653978521375, 0.5390717607367557, 0.530939327229132, 0.5284954953106081, 0.5303849303849304, 0.5173869007427414], "Nasus": [0.5166015625, 0.5502746458514022, 0.5104370635829608, 0.5226186921469095, 0.5279135872654918, 0.5401315789473684, 0.5576036866359447], "Nautilus": [0.5290889132821076, 0.4811066530929996, 0.4792433202982027, 0.5021858293293632, 0.514333822640532, 0.5243335298355931, 0.5219084712755598],