{"Aatrox": [0.5176356901272346, 0.5287265947050961, 0.5106699279395395, 0.5114529884206185, 0.5153201797370514, 0.5176565631457113, 0.5202033959865613], "Akali": [0.5580487804878049, 0.5433392539964476, 0.4953256431424173, 0.4975680742556734, 0.5089869843674678, 0.5073838346021049, 0.5036487758945386], "Akshan": [0.546353522867738, 0.5237590531708178, 0.5049593753297457, 0.5144744821422872, 0.5311478346544852, 0.5296388825800591, 0.5371872887085869], "Alistar": [0.5052182163187856, 0.4916092563151387, 0.5021290105703508, 0.5126360785168501, 0.5214794148156097, 0.5182421628954891, 0.5146002872187649], "Amumu": [0.5439486139283299, 0.5663771905251035, 0.5506252652887975, 0.5342846453957565, 0.5304032891814631, 0.5316799226139295, 0.5224408578377183], "Aphelios": [0.47233546884100175, 0.43937722721873407, 0.4608553114449283, 0.4906250469875352, 0.5273507558288496, 0.5533778371161548, 0.563417681974383], "Blitzcrank": [0.5006139991813344, 0.4920338936572792, 0.5035343398202287, 0.5080490789845294, 0.5165659423085166, 0.5204353701742211, 0.5059886759581882], "Braum": [0.5160060975609756, 0.4991512706339639, 0.4966049712376215, 0.5149446883567553, 0.5305678059536935, 0.545728016434939, 0.5411433266815354], "Caitlyn": [0.5136685791427608, 0.4726686643058204, 0.49554940078037907, 0.5023957869389234, 0.5229056802533301, 0.5367624590760276, 0.5586060839430111], "Camille": [0.48252016903572803, 0.5217811372225853, 0.5323282536060631, 0.5332920817187722, 0.5258728633411957, 0.5201532567049808, 0.5314643955524012], "Cassiopeia": [0.4943820224719101, 0.5036077888702184, 0.5208456709700343, 0.5369060734212303, 0.5381449219871733, 0.5403537542462223, 0.5444839857651246], "Corki": [0.48278190411883865, 0.45947140457880314, 0.5001253796216322, 0.482139517486441, 0.46321326634114124, 0.47251238584134186, 0.48609625668449197], "Darius": [0.5640326975476839, 0.5234409726761668, 0.5063237905361204, 0.5123193808357298, 0.5201533519842504, 0.5262542169985852, 0.5243956043956044], "Diana": [0.5261885576148267, 0.513775920270053, 0.5514365790333396, 0.5173870257958227, 0.49782668411782766, 0.4928979101403253, 0.5120887831946096], "Draven": [0.5643044619422573, 0.5565360204876962, 0.5296406775012, 0.5069773126236029, 0.5087074916091444, 0.5054623725784835, 0.5121477162293488], "Ekko": [0.5171489817792069, 0.5286048845767816, 0.5384596934737246, 0.5253359723477188, 0.5132235239531376, 0.5163710461723707, 0.5114809081527347], "Elise": [0.5534079348931842, 0.5599665191916776, 0.5229878023905683, 0.5011115132089128, 0.4947928046027238, 0.5037525169320886, 0.5048727666486194], "Evelynn": [0.5195822454308094, 0.5478782142293738, 0.4794974780496918, 0.49510108864696734, 0.5266695219582908, 0.5464997243877471, 0.5569757365684576], "Ezreal": [0.5274625050668829, 0.5094823448748714, 0.5238379129499305, 0.5115462106731415, 0.48734519426349804, 0.47292691825130584, 0.47285387349661584], "Fiddlesticks": [0.5354785478547854, 0.5428354814253222, 0.536174872252413, 0.5260157431973163, 0.5292235494880546, 0.5204166666666666, 0.5157571099154497], "Fiora": [0.4974012474012474, 0.49824240205053094, 0.5277018856093519, 0.5248751618272609, 0.515857511015047, 0.5297048677654274, 0.5476110925492816], "Fizz": [0.5470704410796576, 0.5595169966807829, 0.5193749375270716, 0.5202130875018891, 0.5194440997642388, 0.5180314454380736, 0.5246727089627392], "Galio": [0.532724505327245, 0.5378588807785888, 0.520561157387111, 0.5383648927577852, 0.5405976917785534, 0.5539206068929435, 0.5480384307445957], "Gangplank": [0.5093117408906883, 0.5249630177514792, 0.5104405599936724, 0.5009913933979736, 0.49872191578097674, 0.4973828289513266, 0.503700414446418], "Garen": [0.5096122515477354, 0.5030397727272727, 0.528544382705598, 0.5248975357561946, 0.5297162429826769, 0.5375041360177149, 0.5356998518119359], "Gnar": [0.4559894109861019, 0.48796033994334276, 0.5080279377800039, 0.5087624423301168, 0.5046204315483066, 0.5047738837116231, 0.49749069127408124], "Gragas": [0.48895292987512007, 0.5, 0.5196274902746669, 0.5227376599634369, 0.5093991779497099, 0.49526977087952695, 0.5121593291404613], "Gwen": [0.49830508474576274, 0.476103706788838, 0.5137238013207005, 0.5300651762562197, 0.5366608333967384, 0.5423296012571204, 0.5665543386689132], "Hecarim": [0.5314349112426036, 0.5404043156059285, 0.5202466931753631, 0.5161792127249688, 0.5120523519346801, 0.4948490513503838, 0.48515092502434276], "Heimerdinger": [0.574468085106383, 0.5430793777423215, 0.5440515250941791, 0.5176725695699314, 0.5125131256562828, 0.5139900344959755, 0.5273972602739726], "Illaoi": [0.6137123745819398, 0.5838026414154, 0.5670171587035646, 0.5242389132369486, 0.4919838609824307, 0.4979105624669773, 0.5029247044181705], "Irelia": [0.5282583621683967, 0.5300330639235856, 0.526763711387472, 0.5135359311026402, 0.5085462853274666, 0.49801204819277106, 0.4936322869955157], "Ivern": [0.49682539682539684, 0.501129204802092, 0.49947472094550227, 0.5266134134767478, 0.5355587808417998, 0.5245639534883721, 0.49182444061962133], "Janna": [0.5099800399201597, 0.5289346082385462, 0.5310374764867603, 0.5255316346393081, 0.5231626964014192, 0.5351365015166836, 0.527506201663505], "Jax": [0.4786169244767971, 0.4880676669016212, 0.49959981465099623, 0.5074892170958045, 0.5152850505199499, 0.5243885394828791, 0.5423224159931944], "Jayce": [0.4749367088607595, 0.4832470716426042, 0.5114658131356735, 0.49272783537057097, 0.4834914069742566, 0.480326849631406, 0.46589494647747076], "Jhin": [0.5358719169190826, 0.5262758419032332, 0.5268229747379822, 0.530160001439833, 0.5367420319871131, 0.5444285444285444, 0.5454695949674429], "Jinx": [0.4863255403617115, 0.5014465513111099, 0.525448042570102, 0.516654137341139, 0.5235683905308632, 0.5253490870032224, 0.5384665664422511], "Karma": [0.571835803876853, 0.5635994182919298, 0.5333192884511567, 0.5065229284982238, 0.49231115752400845, 0.48266511717993416, 0.4867109634551495], "Karthus": [0.4990892531876138, 0.5100258926958512, 0.510573624560337, 0.4901017954882603, 0.5015844563234212, 0.5157627477255096, 0.5193811074918567], "Katarina": [0.5375939849624061, 0.5724295618822836, 0.5071418389166072, 0.5087318014993651, 0.5168054047532875, 0.513558282208589, 0.51741513437058], "Kayle": [0.5005313496280552, 0.47978412810758203, 0.4573937602047571, 0.5160212024258631, 0.582401217817195, 0.6024275452068367, 0.5968176914778857], "Kayn": [0.46215556330659224, 0.4823466416786587, 0.49435437174290675, 0.5256982022160116, 0.5393787994388521, 0.546061488584224, 0.5371103592253977], "Kindred": [0.474671669793621, 0.48098272351047755, 0.49654358455572417, 0.4928838746687792, 0.5016412893019577, 0.5162597507851282, 0.5354260089686098], "Kled": [0.566320645905421, 0.5772435590460684, 0.554831160147108, 0.5283945493532545, 0.5062238646309443, 0.4970451401986672, 0.5147169811320754], "LeBlanc": [0.5633538708813287, 0.5927238238399456, 0.5210855182553296, 0.5077258016204093, 0.5104291513628455, 0.5141175923341706, 0.5175184404636459], "Leona": [0.5099849688640756, 0.529205433845605, 0.5283190903564916, 0.5267612188245735, 0.5238525973334955, 0.516665686908471, 0.5063795853269537], "Lillia": [0.48752310536044363, 0.5127480542443522, 0.5333230721871633, 0.5356370836386095, 0.5337164876073539, 0.531389999397312, 0.5279822409159949], "Lissandra": [0.5208722741433022, 0.5257717293375693, 0.5363257878629132, 0.518143199948116, 0.5099590118533289, 0.5049068254493329, 0.5067634444077862], "Lucian": [0.5525660189337319, 0.535063336007313, 0.501089425083292, 0.5029822157692754, 0.5126155659508638, 0.5160896786667895, 0.5060479737579444], "Lulu": [0.5253800566864211, 0.5373399853037862, 0.508595484622656, 0.5096218644702358, 0.515418418035919, 0.5235962206883047, 0.5229546792230724], "Malzahar": [0.4685222001325381, 0.44914491449144917, 0.5300261891710822, 0.5287746763156599, 0.519792776419962, 0.5161398789509078, 0.5120646928394418],