{"Aatrox": [0.5859375, 0.5320018507094386, 0.5243972445464983, 0.5330350855391243, 0.5327163290401916, 0.5383464272353161, 0.5416107382550336], "Ahri": [0.55, 0.4961439588688946, 0.49056603773584906, 0.49493487698986977, 0.4382284382284382, 0.4748201438848921, 0.5161290322580645], "Akali": [0.549618320610687, 0.5504032258064516, 0.5175668589407446, 0.510278333636529, 0.5284046692607004, 0.4988540870893812, 0.5052631578947369], "Akshan": [0.4583333333333333, 0.5605590062111802, 0.5825446898002103, 0.5583494519664732, 0.5276995305164319, 0.6094674556213018, 0.5280898876404494], "Annie": [1.0, 0.4375, 0.43137254901960786, 0.6701030927835051, 0.55, 0.5789473684210527, 0.25], "Aphelios": [1.0, 0.46153846153846156, 0.3076923076923077, 0.625, 0.3, 0.8, 1.0], "Ashe": [0.5, 0.4883720930232558, 0.5081967213114754, 0.5277777777777778, 0.5294117647058824, 0.5217391304347826, 0.2857142857142857], "Aurelion Sol": [0.5, 0.4473684210526316, 0.49295774647887325, 0.5116279069767442, 0.5540540540540541, 0.5714285714285714, 0.75], "Azir": [0.5, 0.5130434782608696, 0.5926966292134831, 0.5417607223476298, 0.5457317073170732, 0.5254237288135594, 0.4838709677419355], "Bel'Veth": [0.6666666666666666, 0.6423841059602649, 0.5987654320987654, 0.48205128205128206, 0.48936170212765956, 0.375, 0.75], "Briar": [0.5, 0.5096525096525096, 0.4915254237288136, 0.5258620689655172, 0.55, 0.5657894736842105, 0.5227272727272727], "Camille": [0.5234657039711191, 0.5739212449893893, 0.5546967895362663, 0.5610547242858638, 0.5607568096558473, 0.565425023877746, 0.5717131474103586], "Cassiopeia": [0.6111111111111112, 0.5356643356643357, 0.5261437908496732, 0.5686274509803921, 0.5217391304347826, 0.539568345323741, 0.5301204819277109], "Cho'Gath": [0.4222222222222222, 0.5217391304347826, 0.522331566994701, 0.5408464566929134, 0.5503166783954961, 0.5495327102803739, 0.5782312925170068], "Darius": [0.565359477124183, 0.5498716176180131, 0.5479692349210633, 0.5532624369142033, 0.5377766471635717, 0.5301989150090416, 0.5290556900726392], "Draven": [0.16666666666666666, 0.4520547945205479, 0.5581395348837209, 0.5416666666666666, 0.4927536231884058, 0.5909090909090909, 0.7142857142857143], "Dr. Mundo": [0.3695652173913043, 0.45232273838630804, 0.4945612762871646, 0.5232736572890025, 0.5459770114942529, 0.5555555555555556, 0.5135135135135135], "Ekko": [0.5, 0.6, 0.5072463768115942, 0.5673076923076923, 0.5176470588235295, 0.38095238095238093, 0.625], "Ezreal": [0.5, 0.375, 0.47058823529411764, 0.4857142857142857, 0.3, 0.8333333333333334, 1.0], "Fiddlesticks": [0.5, 0.6016949152542372, 0.520618556701031, 0.4957983193277311, 0.5680473372781065, 0.5471698113207547, 0.5], "Fiora": [0.52, 0.531431590068674, 0.5454659161976235, 0.5555848492837684, 0.553995830437804, 0.5534725181082233, 0.6306729264475743], "Fizz": [1.0, 0.375, 0.525, 0.4461538461538462, 0.4807692307692308, 0.6428571428571429, 1.0], "Galio": [0.3333333333333333, 0.44155844155844154, 0.5309734513274337, 0.5547945205479452, 0.5641025641025641, 0.4074074074074074, 0.5], "Gangplank": [0.5267175572519084, 0.5128540305010894, 0.5152768936982813, 0.5561165048543689, 0.5617183251767265, 0.5470941883767535, 0.5032537960954447], "Garen": [0.4918918918918919, 0.48936807427373463, 0.5338763420955202, 0.5391485196965989, 0.5303657694962043, 0.5386890093642188, 0.5788590604026845], "Gnar": [0.5272727272727272, 0.48918417799752784, 0.5450662110209312, 0.5412572141631571, 0.5084143161886703, 0.5323275862068966, 0.5181598062953995], "Gragas": [0.5223880597014925, 0.5584905660377358, 0.5351745700885878, 0.5191473988439307, 0.5225806451612903, 0.4953416149068323, 0.4834123222748815], "Graves": [0.47058823529411764, 0.4392764857881137, 0.5180722891566265, 0.5241286863270778, 0.5030425963488844, 0.576271186440678, 0.4827586206896552], "Gwen": [0.5027027027027027, 0.508106454573264, 0.5396975425330813, 0.5521422797089733, 0.5582346609257266, 0.5764163372859025, 0.5818713450292398], "Heimerdinger": [0.6, 0.48464163822525597, 0.5700712589073634, 0.5404040404040404, 0.5035799522673031, 0.5370370370370371, 0.6222222222222222], "Illaoi": [0.49193548387096775, 0.5595723014256619, 0.565510272819131, 0.547699214365881, 0.5368731563421829, 0.5429524603836531, 0.5302197802197802], "Irelia": [0.5585106382978723, 0.5428134556574924, 0.5662802950474183, 0.553938859494415, 0.5376767910966844, 0.5338294993234101, 0.5351351351351351], "Ivern": [0.5, 0.4782608695652174, 0.47368421052631576, 0.5284552845528455, 0.5384615384615384, 0.5555555555555556, 0.42857142857142855], "Janna": [0.5, 0.3888888888888889, 0.509090909090909, 0.5892857142857143, 0.42857142857142855, 0.6153846153846154, 1.0], "Jarvan IV": [0.3333333333333333, 0.4528301886792453, 0.47058823529411764, 0.5542168674698795, 0.6060606060606061, 0.7272727272727273, 0.3333333333333333], "Jax": [0.6025179856115108, 0.567924889825637, 0.552873076380065, 0.5491134106390724, 0.5608453320947515, 0.5638981173864894, 0.5688073394495413], "Jayce": [0.5252525252525253, 0.49493693373600994, 0.539230051951512, 0.5201510146295423, 0.4997815003641661, 0.5110565110565111, 0.5151515151515151], "Kai'Sa": [0.5, 0.41025641025641024, 0.5373134328358209, 0.5847457627118644, 0.5, 0.6333333333333333, 0.7142857142857143], "Kalista": [0.8, 0.5042016806722689, 0.5714285714285714, 0.5380434782608695, 0.45263157894736844, 0.5714285714285714, 0.5714285714285714], "Karma": [0.38461538461538464, 0.578125, 0.4965986394557823, 0.4642082429501085, 0.4772727272727273, 0.42857142857142855, 0.53125], "Kassadin": [0.16666666666666666, 0.4909090909090909, 0.4827586206896552, 0.5389221556886228, 0.5176470588235295, 0.5142857142857142, 0.42857142857142855], "Katarina": [0.5, 0.5087719298245614, 0.5529411764705883, 0.4675324675324675, 0.5135135135135135, 0.5227272727272727, 0.4444444444444444], "Kayle": [0.45977011494252873, 0.5353159851301115, 0.49729486023444547, 0.5409638554216868, 0.6193663543061133, 0.6656891495601173, 0.6058823529411764], "Kayn": [0.5, 0.43010752688172044, 0.44680851063829785, 0.5175879396984925, 0.5, 0.6181818181818182, 0.6190476190476191], "Kennen": [0.525, 0.5302049622437972, 0.5341091492776886, 0.5397995283018868, 0.5177272727272727, 0.5506493506493506, 0.5244444444444445], "Kled": [0.5135135135135135, 0.581832419733751, 0.5731452455590387, 0.5501324252743095, 0.5128354725787632, 0.49917898193760263, 0.5277777777777778], "K'Sante": [0.5313001605136437, 0.5510204081632653, 0.5593085408847948, 0.5518688786727963, 0.5599833709466683, 0.5397971462953413, 0.5452337583485124], "LeBlanc": [0.6666666666666666, 0.543046357615894, 0.49444444444444446, 0.5353159851301115, 0.553072625698324, 0.4927536231884058, 0.6], "Lee Sin": [0.5, 0.48104956268221577, 0.5195071868583162, 0.5079365079365079, 0.5225464190981433, 0.546875, 0.375], "Lissandra": [0.5, 0.5606060606060606, 0.576271186440678, 0.5517241379310345, 0.6060606060606061, 0.6274509803921569, 0.6], "Lucian": [0.7142857142857143, 0.4536082474226804, 0.5299145299145299, 0.445859872611465, 0.4827586206896552, 0.4166666666666667, 0.5714285714285714], "Lux": [0.5, 0.5185185185185185, 0.7333333333333333, 0.46875, 0.5, 0.375, 0.6666666666666666], "Malphite": [0.49099099099099097, 0.541838134430727, 0.5340869565217391, 0.5467772967772968, 0.5733333333333334, 0.5693311582381729, 0.5432595573440644], "Malzahar": [1.0, 0.4153846153846154, 0.5777777777777777, 0.5401459854014599, 0.5172413793103449, 0.4722222222222222, 0.2727272727272727], "Maokai": [0.6666666666666666, 0.5189873417721519, 0.5310262529832935, 0.559748427672956, 0.5881410256410257, 0.5518867924528302, 0.4807692307692308], "Master Yi": [0.2, 0.5296610169491526, 0.5572519083969466, 0.5492537313432836, 0.568075117370892, 0.5714285714285714, 0.6666666666666666], "Wukong": [0.6666666666666666, 0.48775055679287305, 0.5473833097595474, 0.5540796963946869, 0.5712484237074401, 0.5425531914893617, 0.43478260869565216],